;;;;;;;;;;;;;;;;;;;
;;;;;;;;;;;;;;;;;;;
;;;;;;;;;;;;;;;;;;;
;;;;;;;;;;;;;;;;;;;
;;;;;;;;;;;;;;;;;;;
;NOVEDAD;;;;;;NO DISPONIBLE;;;;;;;;;;;;
;PROMOCION;;;;;;LIMITADO;;;;;;;;;;;;
;;;;;;;;;;;;;;;;;;;
Código;DESCRIPCION; Precio Unitario Sin IVA ; Precio sugerido al público ;PEDIDO;;Código;DESCRIPCION; Precio Unitario Sin IVA ; Precio sugerido al público ;PEDIDO;;;;;;;;;
;;;;;;;;;;;;;;;;;;;
28 - ROL;;;;;;30  -  Yu-Gi-Oh!;;;;;;;;;;;;;
1058;D&D 5TH CORE GIFT SET; $7.276,89 ; $10.915 ;;;1001;SOBRE HIDDEN ARSENAL 6 (Caja X 24) Dto 50% COMPRANDO 24 SOBRES; $154,14 ; $280 ;PROMO;50% DESCUENTO x 24 Uni;;;;;;;;
1053;D&D 5TH CORE GIFT SET LIMITED HOBBY; $8.384,90 ; $12.577 ;;;1037;SOBRE SPIRIT WARRIORS (Caja X 24) ; $154,14 ; $280 ;PROMO;10% Descuento;;;;;;;;
1039;D&D 5TH DUNGEON MASTER GUIDE; $2.467,50 ; $3.701 ;;;1052;SOBRE DARK SAVIORS (Caja X 24) ; $154,14 ; $280 ;PROMO;;;;;;;;;
1033;D&D 5TH ED CHARACTER SHEETS 2017 X 24; $525,00 ; $788 ;;;1006;SOBRE INVASION:VENGEANCE (Caja X 24) ; $154,14 ; $280 ;;;;;;;;;;
1038;D&D 5TH ED CURSE OF STRAHD; $2.467,50 ; $3.701 ;;;1049;SOBRE STAR PACK VRAINS (Caja X 50); $62,03 ; $113 ;;;;;;;;;;
1035;D&D 5TH ED MONSTER MANUAL; $2.467,50 ; $3.701 ;;;1055;MAZO STARTER DECK CODEBREAKER 10% Descuento; $511,67 ; $929 ;PROMO;10% Descuento;;;;;;;;
1057;D&D 5TH EDITION GUILD MASTER´S GUIDE OF RAVNICA; $2.467,50 ; $3.701 ;;;1058;MAZO STRUCTURE POWERCODE LINK 10% Descuento; $511,67 ; $929 ;PROMO;;;;;;;;;
1059;D&D 5TH EDITION HOARD OF THE DRAGON QUEEN ADVENTURE; $1.480,50 ; $2.221 ;;;1061;2018 MEGA TIN (Jaden - Yusei); $940,43 ; $1.707 ;PROMO;;;;;;;;;
1061;D&D 5TH EDITION STORM KING'S THUNDER; $2.467,50 ; $3.701 ;;;1062;EDICIÓN ESPECIAL CYBERNETIC HORIZON; $420,05 ; $762 ;PROMO;;;;;;;;;
1043;D&D 5TH OUT OF THE ABYSS EXPANSION; $2.467,50 ; $3.701 ;;;1063;SOBRE LEGENDARY DUELISTS WHITE DRAGON ABYSS; $96,14 ; $174 ;;;;;;;;;;
1049;D&D 5TH SWORD COAST ADVENTURER'S GUIDE; $1.995,00 ; $2.993 ;;;1064;LEGENDARY HERO DECKS; $1.461,08 ; $2.652 ;;;;;;;;;;
1050;D&D 5TH TALES FROM THE YAWNING PORTAL; $2.499,00 ; $3.749 ;;;1067;SOBRE SOUL FUSION EN (Caja X 24); $154,14 ; $280 ;;;;;;;;;;
1042;D&D 5TH TOMB OF ANNIHILATION; $2.467,50 ; $3.701 ;;;1068;MAZO ZOMBIE HORDE EN ; $511,67 ; $929 ;;;;;;;;;;
1055;D&D 5TH TYRANNY OF DRAGONS THE RISE ALT COVER; $1.480,50 ; $2.221 ;;;1069;ADVENT CALENDAR EN 25% Descuento; $945,00 ; $1.715 ;PROMO;25% Descuento;;;;;;;;
1051;D&D 5TH VOLO'S GUIDE TO MONSTERS; $2.467,50 ; $3.701 ;;;1070;SOBRE HIDDEN SUMMONERS EN (Caja X 24); $154,14 ; $280 ;;;;;;;;;;
1054;D&D 5TH WATERDEEP - DRAGON HEIST ADVENTURE; $2.467,50 ; $3.701 ;;;1072;LEGENDARY COLLECTION 2; $1.432,20 ; $2.599 ;PROMO;25% Descuento;;;;;;;;
1052;D&D 5TH XANATHAT'S GUIDE TO EVERYTHING; $2.499,00 ; $3.749 ;;;1082;SOBRE INFINITY CHASERS (Caja X 24); $154,14 ; $280 ;;;;;;;;;;
1056;D&D MORDENKAINEN'S TOME OF FOES - ALT COVER; $2.467,50 ; $3.701 ;;;1083;SOBRE SPEED DUELING ARENA OF LOST SOULS (Caja X 36); $64,05 ; $116 ;;;;;;;;;;
1031;PATHFINDER GUIA DEL MUNDO DEL MAR INTERIRO; $1.750,00 ; $2.625 ;;;1087;SOBRE DARK NEOSTORM (Caja X 24); $154,14 ; $280 ;;;;;;;;;;
1062;PATHFINDER BESTIARIO DE BOLSILLO; $760,00 ; $1.140 ;;;1045;SOBRE EXTREME FORCE (Caja X 24) ; $108,00 ; $280 ;PROMO;OFERTA HASTA AGOTAR STOCK;;;;;;;;
1074;PATHFINDER C. DE CARROÑA 1-LAS APARICIONES DE PIEDRA ATORMENTADA; $650,00 ; $975 ;NOVE;;1034;SOBRE CIRCUIT BREAK (Caja X 24) ; $108,00 ; $280 ;PROMO;;;;;;;;;
1075;PATHFINDER C. DE CARROÑA 2-EL JUICIO DE LA BESTIA; $650,00 ; $975 ;NOVE;;1023;SOBRE PENDULUM EVOLUTION (Caja X 24) ; $108,00 ; $280 ;PROMO;;;;;;;;;
1076;PATHFINDER C. DE CARROÑA 3-LUNA ROTA; $650,00 ; $975 ;NOVE;;1056;SOBRE CYBERNETIC HORIZON (Caja X 24); $108,00 ; $280 ;PROMO;;;;;;;;;
1077;PATHFINDER C. DE CARROÑA 4-LA ESTELA DEL VIGILANTE; $650,00 ; $975 ;NOVE;;1075;SOBRE LEGENDARY DUELISTS SISTERS OF THE ROSE (Caja X 36); $58,00 ; $174 ;PROMO;;;;;;;;;
1078;PATHFINDER C. DE CARROÑA 5-CENIZAS AL AMANECER; $650,00 ; $975 ;NOVE;;1088;SOBRE SPEED DUEL ATTACK FROM THE DEEP (Caja X 36); $64,05 ; $116 ;NOVE;;;;;;;;;
1079;PATHFINDER C. DE CARROÑA 6-LAS SOMBRAS DE LA ESPIRA; $650,00 ; $975 ;NOVE;;1089;EDICIÓN ESPECIAL DARK NESTORM; $460,00 ; $830 ;NOVE;;;;;;;;;
1085;PATHFINDER C. DE LADRONES 6-EL PRINCIPE DOBL. CONDENADO; $650,00 ; $975 ;NOVE;;25 - Pokémon;;;;;;;;;;;;;
1080;PATHFINDER C.DE LADRONES 1-BASTARDOS DE EREBO; $650,00 ; $975 ;NOVE;;1032;SOBRE POKE S&M CRIMSON INVASION (Caja X 36); $184,62 ; $335 ;;;;;;;;;;
1081;PATHFINDER C.DE LADRONES 2-EL JUICIO DE LAS 6 PRUEBAS; $650,00 ; $975 ;NOVE;;1052;COLLECTOR'S CHEST SPRING 2018; $1.332,83 ; $2.419 ;PROMO;"30% Descuento 
en productos 
PROMO

";;;;;;;;
1082;PATHFINDER C.DE LADRONES 3-LO QUE YACE EN EL POLVO; $650,00 ; $975 ;NOVE;;1056;SOBRE POKE S&M FORBIDDEN LIGHT (Caja X 36); $184,62 ; $335 ;;;;;;;;;;
1083;PATHFINDER C.DE LADRONES 4-EL SINDROME INFERNAL; $650,00 ; $975 ;NOVE;;1057;MAZO POKE S&M FORBIDDEN LIGHT; $803,73 ; $1.459 ;;;;;;;;;;
1084;PATHFINDER C.DE LADRONES 5-LA MADRE DE LAS MOSCAS; $650,00 ; $975 ;NOVE;;1059;LEGENDS OF JOHTO GX PREMIUM COLLECTION; $1.743,58 ; $3.165 ;PROMO;;;;;;;;;
1064;PATHFINDER CALAVERAS Y GR. 1-EL MOTIN DE LA AMARGURA; $650,00 ; $975 ;NOVE;;1062;FORCES OF NATURE GX PREMIUM COLLECTION; $1.735,08 ; $3.149 ;PROMO;;;;;;;;;
1065;PATHFINDER CALAVERAS Y GR. 2-SAQUEADORES DEL MAR FEBRIL; $650,00 ; $975 ;NOVE;;1063;SOBRE POKE S&M CELESTIAL STORM (Caja X 36); $175,82 ; $319 ;PROMO;;;;;;;;;
1066;PATHFINDER CALAVERAS Y GR. 3-SE DESATA LA TEMPESTAD; $650,00 ; $975 ;NOVE;;1065;MAZO S&M CELESTIAL STORM; $803,73 ; $1.389 ;PROMO;;;;;;;;;
1067;PATHFINDER CALAVERAS Y GR. 4-LA ISLA DE LOS OJOS VACIOS; $650,00 ; $975 ;NOVE;;1072;ELITE TRAINER POKE S&M LOST THUNDER; $2.041,20 ; $3.705 ;;;;;;;;;;
1069;PATHFINDER CALAVERAS Y GR. 5-DEL CORAZON DEL INFIERNO; $650,00 ; $975 ;NOVE;;1083;CAJA TOWERING SPLASH GX BOX Inglés; $970,92 ; $1.762 ;;;;;;;;;;
1068;PATHFINDER CALAVERAS Y GR. 5-EL PRECIO DE LA INFAMIA; $650,00 ; $975 ;NOVE;;1086;KANTO FRIENDS MINI TIN ; $505,00 ; $915 ;;;;;;;;;;
1045;PATHFINDER COMBATE DEFINITIVO (ESPAÑOL); $1.350,00 ; $2.025 ;;;1098;SOBRE POKE UNBROKEN BONDS (Caja X 36); $184,62 ; $335 ;NOVE;;;;;;;;;
1021;PATHFINDER EL AUGE DE LOS SEÑORES DE LAS RUNAS; $4.042,50 ; $6.064 ;;;1100;MAZOS POKE UNBROKEN BONDS; $803,73 ; $1.459 ;NOVE;;;;;;;;;
1073;PATHFINDER ESTRELLA FRAG. 1-FRAGMENTOS DE PECADO; $650,00 ; $975 ;NOVE;;1101;ALOLAN / MAROWAK GX BOX; $1.102,00 ; $2.000 ;NOVE;;;;;;;;;
1070;PATHFINDER ESTRELLA FRAG. 2-LA MALDICION DE LA LUZ DE LA DAMA; $650,00 ; $975 ;NOVE;;15 - Magic the Gathering;;;;;;;;;;;;;
1071;PATHFINDER ESTRELLA FRAG. 3-LA PIEDRA DEL MANICOMIO; $650,00 ; $975 ;NOVE;;1028;MG BUNDLE LA HORA DE LA DEVASTACION - Portugués-; $1.432,13 ; $2.599 ;;;;;;;;;;
1072;PATHFINDER ESTRELLA FRAG. 4-MÁS ALLÁ DE LA PUERTA DEL DIA; $650,00 ; $975 ;NOVE;;1032;SOBRE MG IXALAN (Caja X 36); $169,00 ; $287 ;;;;;;;;;;
1046;PATHFINDER GUIA DEL JUGADOR AVANZADA DE BOLSILLO; $750,00 ; $1.125 ;;;1037;EXPLORERS OF IXALAN; $2.371,28 ; $4.304 ;PROMO;15% DESCUENTO ;;;;;;;;
1032;PATHFINDER JDR PANTALLA DJ ESP.; $360,00 ; $540 ;;;1042;SOBRE MG RIVALES DE IXALAN; $169,00 ; $287 ;;;;;;;;;;
1029;PATHFINDER JDR REGLAS BASICAS BOLSILLO; $800,00 ; $1.200 ;;;1047;DUEL DECK ELVES VS INVENTORS; $1.208,42 ; $2.193 ;Limitado;;;;;;;;;
1028;PATHFINDER JUEGO DE ROL REGLAS BASICAS; $1.750,00 ; $2.625 ;;;1061;GLOBAL SERIES: JIANG YANGGU VS MU YANLING 10% descuento; $1.344,00 ; $2.439 ;PROMO;15% Decuento ;;;;;;;;
1092;PATHFINDER LA MALDICION DEL TRONO CARMESI; $1.800,00 ; $2.700 ;NOVE;;1057;SOBRE MG COLECCIÓN BÁSICA 2019 ; $131,20 ; $205 ;PROMO;PRECIO PROMO;;;;;;;;
1086;PATHFINDER R.JADE 1-EL LEGADO DEL MURO DE SALMUERA; $650,00 ; $975 ;NOVE;;1062;COMMANDER ANTHOLOGY VOL 2 ; $8.007,54 ; $14.534 ;PROMO;15% Decuento ;;;;;;;;
1087;PATHFINDER R.JADE 2-LA NOCHE DE LAS SOMBRAS HELADAS; $650,00 ; $975 ;NOVE;;1063;MAZOS COMMANDER 2018 (Se vende el pack entero de mazos, 4 unidades) ; $2.135,80 ; $3.876 ;PROMO;15% Decuento ;;;;;;;;
1088;PATHFINDER R.JADE 3-LA TORMENTA VORAZ; $650,00 ; $975 ;NOVE;;1066;SOBRE MG GREMIOS DE RÁVNICA; $169,00 ; $287 ;;;;;;;;;;
1089;PATHFINDER R.JADE 4-EL BOSQUE DE LOS ESPIRITUS; $650,00 ; $975 ;NOVE;;1073;SOBRE MG LA LEALTAD DE RÁVNICA; $169,00 ; $287 ;;;;;;;;;;
1090;PATHFINDER R.JADE 5-MAREA DE HONOR; $650,00 ; $975 ;NOVE;;1074;BUNDLE MG LA LEALTAD DE RÁVNICA; $1.908,17 ; $3.463 ;Limitado;;;;;;;;;
1091;PATHFINDER R.JADE 6-EL TRONO VACIO; $650,00 ; $975 ;NOVE;;1051;SOBRE MG DOMINARIA; $169,00 ; $287 ;;;;;;;;;;
1063;THE ARTS OF MAGIC THE GATHERING: ZENDIKAR; $1.596,00 ; $2.394 ;;;1045;SOBRE MG BATALLA POR ZENDIKAR (Español); $169,00 ; $287 ;;;;;;;;;;
MONSTER PROTECTORS - ALBUMS;;;;;;1082;MAZO MG LA GUERRA DE LA CHISPA; $854,00 ; $1.550 ;;;;;;;;;;
2034;4 BOLSILLOS BINDER - BLANCO - HOJAS BLANCAS; $764,03 ; $1.387 ;;;1084;SOBRE MG LA GUERRA DE LA CHISPA (Inglés); $169,00 ; $287 ;;;;;;;;;;
2036;4 BOLSILLOS BINDER - BLANCO - MATTE DORADO; $764,03 ; $1.387 ;;;1085;SOBRE MG MODERM HORIZONS (Inglés); $329,00 ; $540 ;;;;;;;;;;
2037;4 BOLSILLOS BINDER - MATE NARANJA; $764,03 ; $1.387 ;;;¡Ultra•Pro! PROTECTORES DE CARTAS;;;;;;;;;;;;;
2039;4 BOLSILLOS BINDER - MATE AMARILLO; $764,03 ; $1.387 ;;;PROTECTORES ULTRA PRO LÍNEA ECLIPSE;;;;;;;;;;;;;
2080;4 BOLSILLOS BINDER - NEGRO / BLANCO ; $764,03 ; $1.387 ;;;2068;PROTECTOR Ultra Pro MATE ECLIPSE STD X 100 BLANCO; $509,36 ; $924 ;PROMO;OFERTA! 20% Descuento;;;;;;;;
2081;4 BOLSILLOS BINDER - HOLOFOIL NEGRO; $764,03 ; $1.387 ;;;2070;PROTECTOR Ultra Pro MATE ECLIPSE STD X 100 CELESTE; $509,36 ; $924 ;PROMO;;;;;;;;;
2082;4 BOLSILLOS BINDER - MATTE ROJO; $764,03 ; $1.387 ;;;2071;PROTECTOR Ultra Pro MATE ECLIPSE STD X 100 ROJO; $509,36 ; $924 ;PROMO;;;;;;;;;
DECK BOX - ESPECIALES;;;;;;2072;PROTECTOR Ultra Pro MATE ECLIPSE STD X 100 VERDE; $509,36 ; $924 ;PROMO;;;;;;;;;
2040;MONSTER PROTECTORS - DECK BOX DOBLE MATE NEGRO; $493,61 ; $896 ;;;2073;PROTECTOR Ultra Pro MATE ECLIPSE STD X 100 VERDE LIMA; $509,36 ; $924 ;PROMO;;;;;;;;;
2041;MONSTER PROTECTORS - DECK BOX DOBLE MATE AZUL; $493,61 ; $896 ;;;2074;PROTECTOR Ultra Pro MATE ECLIPSE STD X 100 NARANJA; $509,36 ; $924 ;PROMO;;;;;;;;;
2042;MONSTER PROTECTORS - DECK BOX DOBLE MATE ROJO; $493,61 ; $896 ;;;2075;PROTECTOR Ultra Pro MATE ECLIPSE STD X 100 AMARILLO; $509,36 ; $924 ;PROMO;;;;;;;;;
2043;MONSTER PROTECTORS - DECK BOX DOBLE MATE BLANCO; $493,61 ; $896 ;;;2076;PROTECTOR Ultra Pro MATE ECLIPSE STD X 100 ROSA; $509,36 ; $924 ;PROMO;;;;;;;;;
2108;MONSTER PROTECTORS - DECK BOX DOBLE MATE VERDE; $493,61 ; $896 ;;;2077;PROTECTOR Ultra Pro MATE ECLIPSE STD X 100 PURPURA; $509,36 ; $924 ;PROMO;;;;;;;;;
1502;Ultra Pro Satin Tower Deck Box - Blanco; $509,36 ; $924 ;Agotado;;2078;PROTECTOR Ultra Pro MATE ECLIPSE STD X 100 GRIS; $509,36 ; $924 ;PROMO;;;;;;;;;
1501;Ultra Pro Satin Tower Deck Box - Negro; $509,36 ; $924 ;Agotado;;PROTECTORES ULTRA PRO DE CARTAS TAMAÑO STANDARD MAGIC/POKEMON;;;;;;;;;;;;;
1503;Ultra Pro Satin Tower Deck Box - Azul; $509,36 ; $924 ;Agotado;;1099;PROTECTOR UltraPro ROJO LAVA x 50; $151,59 ; $275 ;;;;;;;;;;
1504;Ultra Pro Satin Tower Deck Box - Rojo; $509,36 ; $924 ;Agotado;;1100;PROTECTOR UltraPro VERDE MATRIX x 50; $151,59 ; $275 ;;;;;;;;;;
1505;Ultra Pro Satin Tower Deck Box - Verde; $509,36 ; $924 ;Agotado;;1101;PROTECTOR UltraPro NEGRO RAVEN x 50; $151,59 ; $275 ;;;;;;;;;;
2125;Ultra Pro Satin Tower Deck Box - Rosa Brillante; $509,36 ; $924 ;Agotado;;1102;PROTECTOR UltraPro Ultra•Pro AZUL TSUNAMI x 50 ; $151,59 ; $275 ;;;;;;;;;;
2126;Ultra Pro Satin Tower Deck Box - Verde Lima; $509,36 ; $924 ;Agotado;;1119;PROTECTOR UltraPro BLANCO POWDER x 50; $151,59 ; $275 ;;;;;;;;;;
2128;Ultra Pro Satin Tower Deck Box - Violeta; $509,36 ; $924 ;;;1127;PROTECTOR UltraPro AMARILLO CANARY x 50; $151,59 ; $275 ;;;;;;;;;;
¡Ultra•Pro! DECK BOXES;;;;;;1148;PROTECTOR UltraPro SUNSET PINK x 50; $151,59 ; $275 ;;;;;;;;;;
1106;DECK BOX Ultra•Pro  TRANSLUCIDO x 1; $90,96 ; $165 ;;;1288;PROTECTOR UltraPro NARANJA CANDY x 50; $151,59 ; $275 ;;;;;;;;;;
1109;DECK BOX Ultra•Pro NEGRO x 1; $90,96 ; $165 ;;;1304;PROTECTOR UltraPro TRANSPARENTE x 50; $151,59 ; $275 ;;;;;;;;;;
1110;DECK BOX Ultra•Pro AZUL x 1; $90,96 ; $165 ;;;1305;PROTECTOR UltraPro VIOLETA x 50; $151,59 ; $275 ;;;;;;;;;;
1118;DECK BOX Ultra•Pro ROJO x 1; $90,96 ; $165 ;Agotado;;1315;PROTECTOR UltraPro CELESTE x 50; $151,59 ; $275 ;Agotado;;;;;;;;;
1177;DECK BOX Ultra•Pro VERDE x 1; $90,96 ; $165 ;Agotado;;1478;PROTECTOR UltraPro MARRON x 50; $151,59 ; $275 ;;;;;;;;;;
1239;DECK BOX Ultra•Pro NARANJA x 1; $90,96 ; $165 ;;;1491;PROTECTOR UltraPro VERDE LIMA X 50; $151,59 ; $275 ;;;;;;;;;;
1240;DECK BOX Ultra•Pro VIOLETA x 1; $90,96 ; $165 ;;;1246;PROTECTOR ULTRA PRO PRO-MATTE STD NEGRO x 50; $151,59 ; $275 ;;;;;;;;;;
1241;DECK BOX Ultra•Pro ROSA x 1; $90,96 ; $165 ;;;2092;PROTECTOR ULTRA PRO PRO-MATTE STD ROJO x 50; $151,59 ; $275 ;Agotado;;;;;;;;;
1242;DECK BOX Ultra•Pro VERDE LIMA x 1; $90,96 ; $165 ;;;1165;PROTECTOR UltraPro STD BLANCO x 100; $303,19 ; $550 ;;;;;;;;;;
1243;DECK BOX Ultra•Pro CELESTE x 1; $90,96 ; $165 ;Agotado;;1161;PROTECTOR UltraPro STD NEGRO x 100; $303,19 ; $550 ;;;;;;;;;;
1244;DECK BOX Ultra•Pro AMARILLO x 1; $90,96 ; $165 ;;;1162;PROTECTOR UltraPro STD AZUL x 100; $303,19 ; $550 ;;;;;;;;;;
1262;DECK BOX Ultra•Pro MARRON x 1; $90,96 ; $165 ;;;1164;PROTECTOR UltraPro STD VERDE x 100; $303,19 ; $550 ;;;;;;;;;;
1269;DECK BOX Ultra•Pro BLANCO SOLIDO x 1; $90,96 ; $165 ;;;1195;PROTECTOR UltraPro STD TRANSPARENTE x 100; $303,19 ; $550 ;;;;;;;;;;
1714;DECK BOX Ultra•Pro AQUA x 1; $90,96 ; $165 ;;;1163;PROTECTOR UltraPro STD ROJO x 100; $303,19 ; $550 ;;;;;;;;;;
1733;DECK BOX Ultra•Pro ROSA BRILLANTE x 1; $90,96 ; $165 ;;;PROTECTORES ULTRA PRO DE CARTAS TAMAÑO SMALL YU-Gi-OH ;;;;;;;;;;;;;
1695;DECK BOX Ultra•Pro FUCSIA x 1; $90,96 ; $165 ;Agotado;;1114;PROTECTOR UltraPro MINI ROJO x 60  .; $187,98 ; $341 ;;;;;;;;;;
1694;DECK BOX Ultra•Pro LILA x 1; $90,96 ; $165 ;;;1115;PROTECTOR UltraPro MINI BLANCO x 60  .; $187,98 ; $341 ;;;;;;;;;;
¡Ultra•Pro! ALBUMES, CARPETAS Y FOLIOS;;;;;;1117;PROTECTOR UltraPro MINI NEGRO x 60  .; $187,98 ; $341 ;;;;;;;;;;
1096;CARPETA NEGRA Ultra•Pro 3 ANILLOS; $436,59 ; $792 ;Agotado;;1141;PROTECTOR UltraPro MINI AMARILLO x 60  .; $187,98 ; $341 ;;;;;;;;;;
1097;CARPETA AZUL Ultra•Pro 3 ANILLOS; $436,59 ; $792 ;;;1179;PROTECTOR UltraPro MINI VERDE x 60  .; $187,98 ; $341 ;;;;;;;;;;
1098;FOLIOS DE CARPETA Ultra•Pro  x 100 (c/u); $12,73 ; $23 ;;;1224;PROTECTOR UltraPro MINI NARANJA x 60  .; $187,98 ; $341 ;;;;;;;;;;
1094;UP ALBUM 9 BOLSILLOS NEGRO; $299,55 ; $544 ;Agotado;;1236;PROTECTOR UltraPro MINI ROSA x 60  .; $187,98 ; $341 ;;;;;;;;;;
1095;UP ALBUM 9 BOLSILLOS AZUL; $299,55 ; $544 ;Agotado;;1267;PROTECTOR UltraPro TRANSPARENTE MINI X 60; $187,98 ; $341 ;;;;;;;;;;
1091;UP ALBUM 4 BOLSILLOS NEGRO; $218,30 ; $396 ;Agotado;;1289;PROTECTOR UltraPro MINI CELESTE x 60; $187,98 ; $341 ;;;;;;;;;;
1092;UP ALBUM 4 BOLSILLOS AZUL; $218,30 ; $396 ;;;1329;PROTECTOR UltraPro MINI VIOLETA x 60  .; $187,98 ; $341 ;;;;;;;;;;
KONAMI - Yu-Gi-Oh! - ACCESORIOS;;;;;;1405;PROTECTOR UltraPro MARRON MINI X 60; $187,98 ; $341 ;;;;;;;;;;
2097;Yu-Gi-Oh! TCG KAIBA CORP Deck Case; $212,23 ; $385 ;;;1447;PROTECTOR UltraPro MINI AZUL x 60  .; $187,98 ; $341 ;;;;;;;;;;
2141;Yu-Gi-Oh! TCG Golden Duelist 9-pocket portfolio; $544,00 ; $987 ;Agotado;;1482;PROTECTOR UltraPro MINI VERDE LIMA x 60  .; $187,98 ; $341 ;;;;;;;;;;
¡Ultra•Pro! PLAYMATS - DRAGON BALL;;;;;;PROTECTORES ULTRA PRO DE CARTAS TAMAÑO SMALL MATE YU-Gi-OH ;;;;;;;;;;;;;
2088;Ultra Pro Dragon Ball Super Playmat - Father-Son Kamehameha ; $976,26 ; $1.772 ;;;1549;PROTECTOR ULTRA PRO PRO-MATTE MINI NEGRO x 60; $187,98 ; $341 ;;;;;;;;;;
2090;Ultra Pro Dragon Ball Super Playmat - Universe 7 Saiyan Prince Vegeta; $976,26 ; $1.772 ;;;1631;PROTECTOR ULTRA PRO PRO-MATTE MINI ROJO x 60; $187,98 ; $341 ;;;;;;;;;;
Accesorios Pokémon;;;;;;1632;PROTECTOR ULTRA PRO PRO-MATTE MINI AZUL x 60; $187,98 ; $341 ;;;;;;;;;;
1650;ALBUM UP 4 BOL POKE PIKACHU; $235,27 ; $425 ;;;1633;PROTECTOR ULTRA PRO PRO-MATTE MINI VERDE x 60; $187,98 ; $341 ;;;;;;;;;;
1678;PROTECTOR UP STD PIKACHU GREY x65; $348,24 ; $632 ;;;1672;PROTECTOR ULTRA PRO PRO-MATTE MINI NARANJA x 60; $187,98 ; $341 ;;;;;;;;;;
1875;PROTECTOR UP STD POKEBALL x65; $348,24 ; $632 ;;;1673;PROTECTOR ULTRA PRO PRO-MATTE MINI ROSA x 60; $187,98 ; $341 ;;;;;;;;;;
1890;ALBUM UP 4 BOL POKE SUN&MOON; $447,07 ; $811 ;;;1674;PROTECTOR ULTRA PRO PRO-MATTE MINI AMARILLO x 60; $187,98 ; $341 ;;;;;;;;;;
1892;ALBUM UP 9 BOL POKE SUN&MOON 2; $564,72 ; $1.025 ;;;1634;PROTECTOR ULTRA PRO PRO-MATTE MINI VIOLETA x 60; $187,98 ; $341 ;;;;;;;;;;
1923;ALBUM UP 9 BOL POKE PIKACHU; $564,72 ; $1.025 ;;;1635;PROTECTOR ULTRA PRO PRO-MATTE MINI CELESTE x 60; $187,98 ; $341 ;Agotado;;;;;;;;;
1925;DECK BOX UP CHARIZARD Full-View; $164,71 ; $299 ;;;2010;PROTECTOR ULTRA PRO PRO-MATTE MINI VERDE LIMA x 60; $187,98 ; $341 ;;;;;;;;;;
1930;ALBUM UP POKEBALL FULL-VIEW; $563,98 ; $1.025 ;;;2093;PROTECTOR ULTRA PRO PRO-MATTE MINI BLANCO x 60; $187,98 ; $341 ;;;;;;;;;;
1931;PROTECTOR UP STD CHARIZARD X 65; $348,24 ; $632 ;;;Dragon Shield - Protectores;;;;;;;;;;;;;
1933;PLAYMAT POKEMON POKEBALL; $927,08 ; $1.683 ;Limitado;;1555;PROTECTOR DRAGON SHIELD x100 BLACK; $553,01 ; $1.004 ;;;;;;;;;;
1940;PROTECTOR NINTENDO ORIG CHARIZARD X AND CHARIZARD Y X 65; $423,53 ; $769 ;;;1556;PROTECTOR DRAGON SHIELD x100 BLUE; $553,01 ; $1.004 ;;;;;;;;;;
1961;PLAYMAT POKEMON LUXRAY; $352,97 ; $641 ;;;1557;PROTECTOR DRAGON SHIELD x100 GREEN; $553,01 ; $1.004 ;;;;;;;;;;
1981;DECK BOX NINTENDO ORIG HOOPA UNBOUND; $282,36 ; $512 ;;;1558;PROTECTOR DRAGON SHIELD x100 RED; $553,01 ; $1.004 ;;;;;;;;;;
1994;PROTECTOR NINTENDO ORIG. STD XY HOOPA UNBOUND X 65; $348,24 ; $632 ;;;1560;PROTECTOR DRAGON SHIELD x100 NARANJA; $553,01 ; $1.004 ;Agotado;;;;;;;;;
2135;ALBUM UP 4 BOL PRO-BINDER POKEBALL FULL-VIEW; $382,00 ; $695 ;;;1571;PROTECTOR DRAGON SHIELD x100 WHITE; $553,01 ; $1.004 ;;;;;;;;;;
2136;ALBUM UP 4 BOL ULTRA BALL POKEMON; $382,00 ; $695 ;;;1574;PROTECTOR DRAGON SHIELD x100 YELLOW; $553,01 ; $1.004 ;limitado;;;;;;;;;
2137;ALBUM UP 9 BOL ULTRA BALL POKEMON; $510,00 ; $925 ;;;1660;Dragon Shield Standard Size Sleeves - Matte Dorado X 100; $553,01 ; $1.004 ;;;;;;;;;;
2138;ALBUM UP 9 BOL POKEMON SM10; $586,00 ; $1.065 ;;;1705;Dragon Shield Standard Size Sleeves - Matte Plateado X 100; $553,01 ; $1.004 ;;;;;;;;;;
2139;ALBUM UP 4 BOL POKEMON SM10; $382,00 ; $693 ;;;1849;Dragon Shield Standard Size Sleeves - Matte Blanco X 100; $553,01 ; $1.004 ;;;;;;;;;;
PROTECTORES DE CARTAS ESPECIALES;;;;;;1851;Dragon Shield Standard Size Sleeves - Matte Violeta X 100; $553,01 ; $1.004 ;;;;;;;;;;
1982;PROT UG PREMIUM EUROPEAN BOARD GAMES STD (62x94mm) x50; $178,72 ; $324 ;;;1876;Dragon Shield Standard Size Sleeves - Matte Azul X 100; $553,01 ; $1.004 ;;;;;;;;;;
1896;PROT UG SUPREME AMERICAN BOARD GAMES STD (59x91,5mm) x60; $218,83 ; $397 ;Agotado;;1877;Dragon Shield Standard Size Sleeves - Matte Rojo X 100; $553,01 ; $1.004 ;;;;;;;;;;
2013;PROT UG PRECISE-FIT SLEEVES OVERSIZED TRANSPARENT X 40; $163,40 ; $297 ;;;1962;Dragon Shield Standard Size Sleeves - Matte Negro X 100; $553,01 ; $1.004 ;;;;;;;;;;
1277;PROTECTOR UP BOARD GAMES SLEEVES (54x80mm) x50; $176,47 ; $320 ;;;1986;Dragon Shield Standard Size Sleeves - Matte Naranja X 100; $553,01 ; $1.004 ;;;;;;;;;;
1731;PROTECTOR UP STD EUROPEAN (59x92mm) x50; $176,47 ; $320 ;;;1987;Dragon Shield Standard Size Sleeves - Matte Amarillo X 100; $553,01 ; $1.004 ;;;;;;;;;;
1599;PROTECTOR UP STD PRO-FIT TRANSPARENTE X 100; $163,72 ; $297 ;;;1990;Dragon Shield Standard Size Sleeves - Matte Carmesí 100; $553,01 ; $1.004 ;;;;;;;;;;
2091;PROTECTOR UP PRO-FIT Small Size Deck Protectors  X 100; $151,59 ; $275 ;;;1991;Dragon Shield Standard Size Sleeves - Matte Menta X 100; $553,01 ; $1.004 ;;;;;;;;;;
Ultimate Guard - Playmats;;;;;;2095;Dragon Shield Standard Size Sleeves - Matte Marrón X 100; $553,01 ; $1.004 ;;;;;;;;;;
2134;Ultimate Guard Play Mat Monochrome Black 61 x 35 cm; $351,54 ; $612 ;;;2098;Dragon Shield Standard Size Sleeves - Matte Cobre X 100; $553,01 ; $1.004 ;;;;;;;;;;
1900;Ultimate Guard Play Mat Monochrome Red 61 x 35 cm ; $351,54 ; $612 ;;;2099;Dragon Shield Standard Size Sleeves - Matte Verde Manzana X 100; $553,01 ; $1.004 ;;;;;;;;;;
Ultimate Guard - Deck Boxes;;;;;;2100;Dragon Shield Standard Size Sleeves - Matte Petroleo X 100; $553,01 ; $1.004 ;;;;;;;;;;
1773;DECK BOX UG DECK CASE 80+ STD NEGRO; $103,08 ; $187 ;;;2101;Dragon Shield Standard Size Sleeves - Matte Safiro X 100; $553,01 ; $1.004 ;;;;;;;;;;
1774;DECK BOX UG DECK CASE 80+ STD ROJO; $103,08 ; $187 ;;;18 - Dragon Shield - Deck Boxes;;;;;;;;;;;;;
1775;DECK BOX UG DECK CASE 80+ STD AMARILLO; $103,08 ; $187 ;;;2103;Dragon Shield Deck BOX - Black; $127,74 ; $232 ;;;;;;;;;;
1805;DECK BOX UG DECK CASE 80+ STD AZUL; $103,08 ; $187 ;;;2104;Dragon Shield Deck BOX - Blue; $127,74 ; $232 ;;;;;;;;;;
1807;DECK BOX UG DECK CASE 80+ STD VERDE CLARO; $103,08 ; $187 ;;;2105;Dragon Shield Deck BOX - Green; $127,74 ; $232 ;;;;;;;;;;
1809;DECK BOX UG DECK CASE 80+ STD VIOLETA; $103,08 ; $187 ;;;2106;Dragon Shield Deck BOX - White; $127,74 ; $232 ;;;;;;;;;;
1812;DECK BOX UG DECK CASE 80+ STD TRANSPARENTE; $103,08 ; $187 ;;;2107;Dragon Shield Deck BOX - Red; $127,74 ; $232 ;;;;;;;;;;
1814;DB DECK N TRAY CASE 100+ AZUL; $423,54 ; $769 ;;;2019;Dragon Shield Gaming Box - Clear; $225,57 ; $409 ;;;;;;;;;;
1816;DB DECK N TRAY CASE 100+ BLANCO; $423,54 ; $769 ;;;2020;Dragon Shield Gaming Box - Black; $225,57 ; $409 ;;;;;;;;;;
1831;DECK BOX UG DECK CASE 80+ STD XenoSkin NEGRO; $751,90 ; $1.365 ;;;2021;Dragon Shield Gaming Box - Green; $225,57 ; $409 ;;;;;;;;;;
1833;DECK BOX UG DECK CASE 80+ STD XenoSkin VERDE; $751,90 ; $1.365 ;;;2022;Dragon Shield Gaming Box - White; $225,57 ; $409 ;;;;;;;;;;
1835;DECK BOX UG DECK CASE 80+ STD XenoSkin ROJO; $751,90 ; $1.365 ;;;2023;Dragon Shield Gaming Box - Gold; $225,57 ; $409 ;;;;;;;;;;
1836;DB DECK BOX FLIP DECK CASE 80+ XENOSKIN BLANCO; $751,91 ; $1.365 ;;;2024;Dragon Shield Gaming Box - Red; $225,57 ; $409 ;;;;;;;;;;
1904;DECK BOX UG DECK CASE 100+ Standard Size NEGRO; $155,23 ; $282 ;;;2026;Dragon Shield Gaming Box - Purple; $225,57 ; $409 ;;;;;;;;;;
1905;DECK BOX UG DECK CASE 100+ Standard Size BLANCO; $155,23 ; $282 ;;;2029;Dragon Shield Gaming Box - Yellow; $225,57 ; $409 ;;;;;;;;;;
1906;DECK BOX UG DECK CASE 100+ Standard Size ROJO; $155,23 ; $282 ;;;2079;Dragon Shield Gaming Box - Azul; $225,57 ; $409 ;;;;;;;;;;
1907;DECK BOX UG DECK CASE 100+ Standard Size AZUL REAL; $155,23 ; $282 ;;;2030;DRAGON SHIELD CAJA 4 COMPARTIMIENTOS TRANSPARENTE; $485,10 ; $880 ;;;;;;;;;;
1908;DECK BOX UG DECK CASE 100+ Standard Size VERDE; $155,23 ; $282 ;;;1993;DRAGON SHIELD CAJA 4 COMPARTIMIENTOS NEGRA; $485,10 ; $880 ;;;;;;;;;;
1909;DB DECK N TRAY CASE 100+ ROJO; $423,54 ; $769 ;;;2031;DRAGON SHIELD CAJA 4 COMPARTIMIENTOS AZUL; $485,10 ; $880 ;;;;;;;;;;
1910;DECK BOX UG TWIN DECK CASE 160+ STD VERDE; $310,60 ; $564 ;;;2032;DRAGON SHIELD CAJA 4 COMPARTIMIENTOS VERDE; $485,10 ; $880 ;;;;;;;;;;
1943;DECK BOX UG DECK CASE 100+ Standard Size GRIS; $155,23 ; $282 ;;;1995;DRAGON SHIELD CAJA 4 COMPARTIMIENTOS BLANCA; $485,10 ; $880 ;;;;;;;;;;
1946;DECK BOX UG DECK CASE 100+ Standard Size TRANSPARENTE; $155,23 ; $282 ;;;1996;DRAGON SHIELD CAJA 4 COMPARTIMIENTOS DORADO; $485,10 ; $880 ;;;;;;;;;;
1947;DECK BOX UG DECK CASE 100+ Standard Size AMARILLO; $155,23 ; $282 ;;;1997;DRAGON SHIELD CAJA 4 COMPARTIMIENTOS ROJO; $485,10 ; $880 ;;;;;;;;;;
2044;DECK BOX UG DECK CASE 80+ STD CELESTE; $103,08 ; $187 ;;;2033;DRAGON SHIELD CAJA 4 COMPARTIMIENTOS PURPURA; $485,10 ; $880 ;;;;;;;;;;
2083;DECK BOX UG DECK CASE 100+ Standard Size MARRON; $155,23 ; $282 ;;;24 - XION ACCESORIOS;;;;;;;;;;;;;
PROTECTORES ULTIMATE GUARD DE CARTAS TAMAÑO  STANDARD;;;;;;X007;ALBUM 9BOL 12PAG XION NEGRO; $260,00 ; $472,00 ;Agotado;;;;;;;;;
1880;UG Premium Soft Sleeves Standard Size Transparent  X 100; $124,50 ; $225 ;;;X010;ALBUM 9BOL 12PAG XION AMARILLO; $260,00 ; $472,00 ;;;;;;;;;;
2094;PR UG Bordifies Precise-Fit Sleeves Standard Size Black X 100; $406,27 ; $737 ;;;X011;ALBUM 9BOL 12PAG XION CELESTE; $260,00 ; $472,00 ;;;;;;;;;;
2112;Ultimate Guard Supreme UX Sleeves STD Matte Black X 50 ; $151,59 ; $275 ;NOVE;;X013;ALBUM 9BOL 12PAG XION VERDE; $260,00 ; $472,00 ;;;;;;;;;;
2113;Ultimate Guard Supreme UX Sleeves STD Matte Dark Black X 50 ; $151,59 ; $275 ;NOVE;;X015;ALBUM 9BOL 12PAG XION BLANCO; $260,00 ; $472,00 ;;;;;;;;;;
2114;Ultimate Guard Supreme UX Sleeves STD Matte White X 50; $151,59 ; $275 ;NOVE;;X069;CARPETA 3 ANILLOS XION AZUL FRANCIA; $260,00 ; $472,00 ;Agotado;;;;;;;;;
2115;Ultimate Guard Supreme UX Sleeves STD Matte Trasparent X 50; $151,59 ; $275 ;NOVE;;X017;CARPETA 3 ANILLOS XION VERDE; $260,00 ; $472,00 ;Agotado;;;;;;;;;
2116;Ultimate Guard Supreme UX Sleeves STD Matte Frosted X 50 ; $151,59 ; $275 ;NOVE;;X020;ALBUM 9BOL 24PAG XION ACOLCHADO NEGRO; $410,00 ; $744,00 ;Agotado;;;;;;;;;
2117;Ultimate Guard Supreme UX Sleeves STD Matte Green X 50 ; $151,59 ; $275 ;NOVE;;X070;ALBUM 9BOL 12PAG XION BORDO; $260,00 ; $472,00 ;;;;;;;;;;
2118;Ultimate Guard Supreme UX Sleeves STD Matte Aquamarine X 50 ; $151,59 ; $275 ;Agotado;;;;;;;;;;;;;;;
2119;Ultimate Guard Supreme UX Sleeves STD Matte Blue X 50 ; $151,59 ; $275 ;NOVE;;;;;;;;;;;;;;;
2120;Ultimate Guard Supreme UX Sleeves STD Matte Purple X 50; $151,59 ; $275 ;NOVE;;;;;;;;;;;;;;;
2121;Ultimate Guard Supreme UX Sleeves STD Matte Red X 50 ; $151,59 ; $275 ;Agotado;;;;;;;;;;;;;;;
2122;Ultimate Guard Supreme UX Sleeves STD Matte Organge X 50 ; $151,59 ; $275 ;NOVE;;;;;;;;;;;;;;;
2123;Ultimate Guard Supreme UX Sleeves STD Matte Yellow X 50 ; $151,59 ; $275 ;NOVE;;;;;;;;;;;;;;;
PROTECTORES ULTIMATE GUARD DE CARTAS TAMAÑO  MINI;;;;;;;;;;;;;;;;;;;
1922;PROTECTOR UG JAPANESE X 60  UX NARANJA; $187,98 ; $341 ;Agotado;;;;;;;;;;;;;;;
1950;PROTECTOR UG JAPANESE X 60  UX MATE CELESTE; $187,98 ; $341 ;;;;;;;;;;;;;;;;
1952;PROTECTOR UG JAPANESE X 60  UX MATTE AZUL REAL; $187,98 ; $341 ;Agotado;;;;;;;;;;;;;;;
1973;PROTECTOR UG JAPANESE X 60  UX AMARILLO; $187,98 ; $341 ;Agotado;;;;;;;;;;;;;;;
1974;PROTECTOR UG JAPANESE X 60 UX MATTE VERDE LIMA; $187,98 ; $341 ;;;;;;;;;;;;;;;;
1998;PROTECTOR UG JAPANESE X 60 UX MATTE NEGRO ; $187,98 ; $341 ;Agotado;;;;;;;;;;;;;;;
1999;PROTECTOR UG JAPANESE X 60 UX MATTE BLANCO; $187,98 ; $341 ;;;;;;;;;;;;;;;;
2000;PROTECTOR UG JAPANESE X 60 UX MATTE PETROLEO; $187,98 ; $341 ;;;;;;;;;;;;;;;;
2001;PROTECTOR UG JAPANESE X 60 UX MATTE TURQUESA; $187,98 ; $341 ;;;;;;;;;;;;;;;;
2002;PROTECTOR UG JAPANESE X 60 UX MATTE AZUL; $187,98 ; $341 ;;;;;;;;;;;;;;;;
2003;PROTECTOR UG JAPANESE X 60 UX MATTE ROJO; $187,98 ; $341 ;;;;;;;;;;;;;;;;
2049;PROTECTOR UG JAPANESE X 60 UX MATTE VERDE; $187,98 ; $341 ;;;;;;;;;;;;;;;;
2050;PROTECTOR UG JAPANESE X 60 UX MATTE AMARILLO; $187,98 ; $341 ;;;;;;;;;;;;;;;;
2051;PROTECTOR UG JAPANESE X 60 UX MATTE MARRON; $187,98 ; $341 ;;;;;;;;;;;;;;;;
2084;PROTECTOR UG JAPANESE X 60 UX MATTE NARANJA; $187,98 ; $341 ;;;;;;;;;;;;;;;;
2085;PROTECTOR UG JAPANESE X 60 UX MATTE VIOLETA; $187,98 ; $341 ;Agotado;;;;;;;;;;;;;;;
2111;PROTECTOR UG JAPANESE X 60 UX MATTE FROSTED; $187,98 ; $341 ;;;;;;;;;;;;;;;;
2132;PROTECTOR UG PRECISE FIT JAPANESE RESELEABLE TRANSPARENTE X 100; $175,00 ; $315 ;;;;;;;;;;;;;;;;
2133;PROTECTOR UG PRECISE FIT JAPANESE TRANSPARENTE X 100; $187,98 ; $341 ;;;;;;;;;;;;;;;;
;;;;;;;;;;;;;;;;;;;
;;;;;;;;;;;;;;;;;;;
;;;;;;;;;;;;;;;;;;;
;;;;;;;;;;;;;;;;;;;
;;;;;;;;;;;;;;;;;;;
;;;;;;;;;;;;;;;;;;;
;;;;;;;;;;;;;;;;;;;
;;;;;;;;;;;;;;;;;;;
;;;;;;;;;;;;;;;;;;;
;;;;;;;;;;;;;;;;;;;
;;;;;;;;;;;;;;;;;;;
;;;;;;;;;;;;;;;;;;;
;;;;;;;;;;;;;;;;;;;
;;;;;;;;;;;;;;;;;;;
;;;;;;;;;;;;;;;;;;;
;;;;;;;;;;;;;;;;;;;
;;;;;;;;;;;;;;;;;;;
;;;;;;;;;;;;;;;;;;;
;;;;;;;;;;;;;;;;;;;
;;;;;;;;;;;;;;;;;;;
;;;;;;;;;;;;;;;;;;;
;;;;;;;;;;;;;;;;;;;
;;;;;;;;;;;;;;;;;;;
;;;;;;;;;;;;;;;;;;;
;;;;;;;;;;;;;;;;;;;
;;;;;;;;;;;;;;;;;;;
;;;;;;;;;;;;;;;;;;;
;;;;;;;;;;;;;;;;;;;
;;;;;;;;;;;;;;;;;;;
;;;;;;;;;;;;;;;;;;;
;;;;;;;;;;;;;;;;;;;
;;;;;;;;;;;;;;;;;;;
;;;;;;;;;;;;;;;;;;;
;;;;;;;;;;;;;;;;;;;
;;;;;;;;;;;;;;;;;;;
;;;;;;;;;;;;;;;;;;;
;;;;;;;;;;;;;;;;;;;
;;;;;;;;;;;;;;;;;;;
;;;;;;;;;;;;;;;;;;;
;;;;;;;;;;;;;;;;;;;
;;;;;;;;;;;;;;;;;;;
;;;;;;;;;;;;;;;;;;;
;;;;;;;;;;;;;;;;;;;
;;;;;;;;;;;;;;;;;;;
;;;;;;;;;;;;;;;;;;;
;;;;;;;;;;;;;;;;;;;
;;;;;;;;;;;;;;;;;;;
